{
  "project_info": {
    "project_number": "42136239303",
    "project_id": "gastos-compartidos-272cc",
    "storage_bucket": "gastos-compartidos-272cc.appspot.com"
  },
  "client": [
    {
      "client_info": {
        "mobilesdk_app_id": "1:42136239303:android:ed3a92b346e46c9178d2e2",
        "android_client_info": {
          "package_name": "com.arawanastudios.gastos_compartidos"
        }
      },
      "oauth_client": [],
      "api_key": [
        {
          "current_key": "AIzaSyBXK_kae9oApMu8TVxwLPmNNBjgF6S1Lwg"
        }
      ],
      "services": {
        "appinvite_service": {
          "other_platform_oauth_client": []
        }
      }
    }
  ],
  "configuration_version": "1"
}